id,name,email,age,country
1,John Smith,john.smith@example.com,25,USA
2,David Brown,david.brown@example.com,31,UK
3,Sarah Johnson,sarah.johnson@example.com,28,Canada
4,Priya Perera,priya.perera@example.com,34,Sri Lanka
5,Liam Wilson,liam.wilson@example.com,22,Australia
6,Emma Davis,emma.davis@example.com,45,USA
7,Noah Miller,noah.miller@example.com,39,Germany
8,Olivia Garcia,olivia.garcia@example.com,27,Spain
9,Arjun Mehta,arjun.mehta@example.com,30,India
10,Sophia Martin,sophia.martin@example.com,52,France
11,Lucas Silva,lucas.silva@example.com,36,Brazil
12,Mia Anderson,mia.anderson@example.com,24,USA
13,Kasun Fernando,kasun.fernando@example.com,41,Sri Lanka
14,Ethan Thomas,ethan.thomas@example.com,29,UK
15,Ava Jackson,ava.jackson@example.com,33,Canada
16,Yuki Tanaka,yuki.tanaka@example.com,26,Japan
17,Mason White,mason.white@example.com,48,USA
18,Isabella Lopez,isabella.lopez@example.com,37,Mexico
19,Hiro Sato,hiro.sato@example.com,31,Japan
20,Chloe Taylor,chloe.taylor@example.com,23,Australia